{
 "sunDir": [
  0.19987929826933387,
  0.11022220729388306,
  0.9736012177183341
 ],
 "sunElevationDeg": 6.3,
 "horizon": [
  0.352,
  0.317,
  0.298
 ],
 "zenith": [
  0.098,
  0.101,
  0.109
 ]
}