{
 "sunDir": [
  0.5549233093327112,
  0.7409511253549591,
  -0.37822156283645675
 ],
 "sunElevationDeg": 47.8,
 "horizon": [
  0.78,
  0.794,
  0.83
 ],
 "zenith": [
  0.819,
  0.832,
  0.868
 ]
}